Title,Code,Stars,Capacity,Date,Author,Url,Poster_url,ScreenShot_url,Magnet,Torrent
RBD-894  想要复仇的奴隶搜查官西野翔再次陷入圈套这一次将彻底成为组织的内射精盆,RBD-894,よしい美希 持田茜 西野翔,3.59GB, 2020-04-02 10:24:44,Hero168,https://www.98ddt.xyz/forum.php?mod=viewthread&tid=314199&extra=page%3D10%26filter%3Dtypeid%26typeid%3D480,https://jp.netcdn.space/digital/video/rbd00894/rbd00894pl.jpg,https://www.assdrty.com/tupian/forum/202004/02/102417dsmt61qmkmku7klm.jpg,magnet:?xt=urn:btih:168145C69762ACA9387259FE33FA5B85625E20F3,https://www.98ddt.xyz/forum.php?mod=attachment&aid=NDY3NTEyfGY5ZGNjNDMxfDE1ODczOTAzNjN8MHwzMTQxOTk%3D
ZIZG-005  被强奸堕落沦为性奴的人妻们独家听译版,ZIZG-005,川上ゆう 羽月希 神波多一花,8.35GB, 2020-04-02 10:26:17,Hero168,https://www.98ddt.xyz/forum.php?mod=viewthread&tid=314201&extra=page%3D10%26filter%3Dtypeid%26typeid%3D480,https://jp.netcdn.space/digital/video/h_826zizg00005/h_826zizg00005pl.jpg,https://www.assdrty.com/tupian/forum/202004/02/102539ii5ivzmxs7uvd7cn.jpg,magnet:?xt=urn:btih:D8A5DEE81A35AFC7F569DA8DCC0C1644E1406918,https://www.98ddt.xyz/forum.php?mod=attachment&aid=NDY3NTE0fDFmODFlZDE1fDE1ODczOTAzNjN8MHwzMTQyMDE%3D
RBD-892   被信任的人背叛送上奴隶舞台的女OL水野朝阳调教堕落一边和未婚夫接吻一边被其他男人内射,RBD-892,持田茜 水野朝陽 二階堂ゆり,7.44GB, 2020-04-02 10:23:08,Hero168,https://www.98ddt.xyz/forum.php?mod=viewthread&tid=314198&extra=page%3D10%26filter%3Dtypeid%26typeid%3D480,https://jp.netcdn.space/digital/video/rbd00892/rbd00892pl.jpg,https://www.assdrty.com/tupian/forum/202004/02/102239jssasyecosyzszo4.jpg,magnet:?xt=urn:btih:EDE11113463E2266FDB51FF191E6EF1DABB6644A,https://www.98ddt.xyz/forum.php?mod=attachment&aid=NDY3NTA4fDg2NDE4NjVjfDE1ODczOTAzNjZ8MHwzMTQxOTg%3D
PPPD-645  受够了巨乳女上司佐山爱的职场霸凌将他监禁撕烂黑丝无套轮奸内射直到怀孕为止才算报复成功,PPPD-645,佐山愛,4.91GB, 2020-04-02 10:21:46,Hero168,https://www.98ddt.xyz/forum.php?mod=viewthread&tid=314195&extra=page%3D10%26filter%3Dtypeid%26typeid%3D480,https://jp.netcdn.space/digital/video/pppd00645/pppd00645pl.jpg,https://www.assdrty.com/tupian/forum/202004/02/102109jtfz6gp65if06z5p.jpg,magnet:?xt=urn:btih:C32160E7F1404B12E5FED921EF1AC67EDD1D9366,https://www.98ddt.xyz/forum.php?mod=attachment&aid=NDY3NDk4fGYxOTJlYjNlfDE1ODczOTAzNjd8MHwzMTQxOTU%3D
MIAE-117  连续射精回春按摩服务店固定M男身体在无法动弹的状态下技师本田岬尽情发挥,MIAE-117,本田岬,6.17GB, 2020-04-02 10:20:22,Hero168,https://www.98ddt.xyz/forum.php?mod=viewthread&tid=314192&extra=page%3D10%26filter%3Dtypeid%26typeid%3D480,https://jp.netcdn.space/digital/video/miae00117/miae00117pl.jpg,https://www.assdrty.com/tupian/forum/202004/02/101951ppgxx2xpgm2jqt7g.jpg,magnet:?xt=urn:btih:7DFB736FA3851D1E5DF3FDB2FC26CB5BB5D84DD8,https://www.98ddt.xyz/forum.php?mod=attachment&aid=NDY3NDk2fDc0ZWU1MzY4fDE1ODczOTAzNjh8MHwzMTQxOTI%3D
MDYD-628  被借了高利贷的老公拿去抵债的人妻藤咲沙耶三穴开发轮奸内射被彻底玩坏,MDYD-628,藤咲沙耶,4.8GB, 2020-04-02 10:18:55,Hero168,https://www.98ddt.xyz/forum.php?mod=viewthread&tid=314188&extra=page%3D10%26filter%3Dtypeid%26typeid%3D480,https://jp.netcdn.space/digital/video/mdyd00628/mdyd00628pl.jpg,https://www.assdrty.com/tupian/forum/202004/02/101827rmyzaq3m6msoyovk.jpg,magnet:?xt=urn:btih:D6583172ABBDC86D3FF9DB97E7CA8F4C8DA75126,https://www.98ddt.xyz/forum.php?mod=attachment&aid=NDY3NDkzfDQ5YTMzODdjfDE1ODczOTAzNjl8MHwzMTQxODg%3D
HND-797  女朋友的巨乳闺蜜喝醉后变成接吻狂魔在不合适的地点疯狂湿吻内射做爱,HND-797,今井夏帆,4.92GB, 2020-04-02 10:17:31,Hero168,https://www.98ddt.xyz/forum.php?mod=viewthread&tid=314187&extra=page%3D10%26filter%3Dtypeid%26typeid%3D480,https://jp.netcdn.space/digital/video/hnd00797/hnd00797pl.jpg,https://www.assdrty.com/tupian/forum/202004/02/101659h70toq0cnnzftcls.jpg,magnet:?xt=urn:btih:EF2DAC6FD96BD53C9E9E94FA66C7CAB25D63F053,https://www.98ddt.xyz/forum.php?mod=attachment&aid=NDY3NDkxfDg5ODliOTU0fDE1ODczOTAzNzF8MHwzMTQxODc%3D
HND-792  美乳苗条长腿女大学生相当老师进行培训被男优教导生理知识后被实战第一次内射做爱,HND-792,新美詩織,4.84GB, 2020-04-02 10:16:10,Hero168,https://www.98ddt.xyz/forum.php?mod=viewthread&tid=314186&extra=page%3D10%26filter%3Dtypeid%26typeid%3D480,https://jp.netcdn.space/digital/video/hnd00792/hnd00792pl.jpg,https://www.assdrty.com/tupian/forum/202004/02/101538euhdm1bsjuhzvhb0.jpg,magnet:?xt=urn:btih:C80F5E2AC235672DDAADE4A38CC5FB8CA8AFBC10C,https://www.98ddt.xyz/forum.php?mod=attachment&aid=NDY3NDg5fGU4ZTFhNWRjfDE1ODczOTAzNzJ8MHwzMTQxODY%3D
HND-788  已经有一定粉丝数量的偶像主播拒绝了粉丝的求爱却来拍摄AV被男优内射,HND-788,音羽ねいろ,5.99GB, 2020-04-02 10:14:52,Hero168,https://www.98ddt.xyz/forum.php?mod=viewthread&tid=314184&extra=page%3D10%26filter%3Dtypeid%26typeid%3D480,https://jp.netcdn.space/digital/video/hnd00788/hnd00788pl.jpg,https://www.assdrty.com/tupian/forum/202004/02/101424wsn74s557m3lsa5l.jpg,magnet:?xt=urn:btih:1D0B36FA2039868335B9AAA9D4C904C64A4C4773,https://www.98ddt.xyz/forum.php?mod=attachment&aid=NDY3NDg3fDAxMDgxNzgwfDE1ODczOTAzNzN8MHwzMTQxODQ%3D
HND-787  前地方台女主播大川月乃AV出道作第一次拍摄就被无套插入内射,HND-787,大川月乃,6.13GB, 2020-04-02 10:13:33,Hero168,https://www.98ddt.xyz/forum.php?mod=viewthread&tid=314183&extra=page%3D10%26filter%3Dtypeid%26typeid%3D480,https://jp.netcdn.space/digital/video/hnd00787/hnd00787pl.jpg,https://www.assdrty.com/tupian/forum/202004/02/101311ozvtajbjexjzvea8.jpg,magnet:?xt=urn:btih:B7D0058A09D0202B47E29E5CE5AAC15345A43F5B,https://www.98ddt.xyz/forum.php?mod=attachment&aid=NDY3NDg1fDNhZThlMTlmfDE1ODczOTAzNzR8MHwzMTQxODM%3D
ABP-541  由极品身材的服务女郎今永纱奈带你参观无数男人向往的风俗塔性感全套服务三小时,ABP-541,今永さな,7.57GB, 2020-04-02 10:12:16,Hero168,https://www.98ddt.xyz/forum.php?mod=viewthread&tid=314182&extra=page%3D10%26filter%3Dtypeid%26typeid%3D480,https://jp.netcdn.space/digital/video/118abp00541/118abp00541pl.jpg,https://www.assdrty.com/tupian/forum/202004/02/101145llnynb1gxahn8yxn.jpg,magnet:?xt=urn:btih:1E4C58F9DD5137FEA3092B6770A84695DE7FD9BF,https://www.98ddt.xyz/forum.php?mod=attachment&aid=NDY3NDgzfGQ4ZjA2YTM4fDE1ODczOTAzNzZ8MHwzMTQxODI%3D
ABP-540  抛开演技细腰美臀的AV女优水稀美里和巨根男优1V1激情做爱四本番,ABP-540,水稀みり,8.84GB, 2020-04-02 10:10:55,Hero168,https://www.98ddt.xyz/forum.php?mod=viewthread&tid=314181&extra=page%3D10%26filter%3Dtypeid%26typeid%3D480,https://jp.netcdn.space/digital/video/118abp00540/118abp00540pl.jpg,https://www.assdrty.com/tupian/forum/202004/02/101029rywnnezqozy1q1yn.jpg,magnet:?xt=urn:btih:78E55AB0B533AE446C5EED67DA8709354E64735B,https://www.98ddt.xyz/forum.php?mod=attachment&aid=NDY3NDgxfDk3YmI0MTc0fDE1ODczOTAzNzd8MHwzMTQxODE%3D
ABP-356  四十八小时耐久巨根被导演欺骗被干到虚脱的巨乳AV女优彩美旬果,ABP-356,あやみ旬果,6.15GB, 2020-04-02 10:09:43,Hero168,https://www.98ddt.xyz/forum.php?mod=viewthread&tid=314179&extra=page%3D10%26filter%3Dtypeid%26typeid%3D480,https://jp.netcdn.space/digital/video/118abp00356/118abp00356pl.jpg,https://www.assdrty.com/tupian/forum/202004/02/100915djk2j542wnrw0t9w.jpg,magnet:?xt=urn:btih:242874EC930A96144E5FBC4EFAED23E3DE71B681,https://www.98ddt.xyz/forum.php?mod=attachment&aid=NDY3NDc5fGQxZTcyNGYyfDE1ODczOTAzNzh8MHwzMTQxNzk%3D
WANZ-933  纹身辣妹姐妹花下课后就开始狩猎玩弄校园内的每一根肉棒,WANZ-933,葉月レイラ 水森翠,6.01GB, 2020-04-01 10:42:00,Hero168,https://www.98ddt.xyz/forum.php?mod=viewthread&tid=313231&extra=page%3D10%26filter%3Dtypeid%26typeid%3D480,https://jp.netcdn.space/digital/video/wanz00933/wanz00933pl.jpg,https://www.assdrty.com/tupian/forum/202004/01/104123z6nzqtii6gq6lgb4.jpg,magnet:?xt=urn:btih:9D14311262D07611DE031E95F2C19B20C52DB323,https://www.98ddt.xyz/forum.php?mod=attachment&aid=NDY1MTA2fDI4ZGM2MDdkfDE1ODczOTAzNzl8MHwzMTMyMzE%3D
XV-817  为了感谢影迷在DVD店打工的RIO只要买她的碟子就能做爱独家听译版,XV-817,Rio,5GB, 2020-04-01 10:40:25,Hero168,https://www.98ddt.xyz/forum.php?mod=viewthread&tid=313230&extra=page%3D10%26filter%3Dtypeid%26typeid%3D480,https://jp.netcdn.space/digital/video/60xv00817/60xv00817pl.jpg,https://www.assdrty.com/tupian/forum/202004/01/103937xoolodnqnlzrq3ko.jpg,magnet:?xt=urn:btih:2C520A511690340240E94646CC254E521E7BEA61,https://www.98ddt.xyz/forum.php?mod=attachment&aid=NDY1MTA0fDgxNGEzNGI1fDE1ODczOTAzODB8MHwzMTMyMzA%3D
WANZ-932  忍耐力大挑战只要能忍住十分钟不射就能无套插入中出内射里美尤利娅,WANZ-932,里美ゆりあ,6.8GB, 2020-04-01 10:38:37,Hero168,https://www.98ddt.xyz/forum.php?mod=viewthread&tid=313228&extra=page%3D10%26filter%3Dtypeid%26typeid%3D480,https://jp.netcdn.space/digital/video/wanz00932/wanz00932pl.jpg,https://www.assdrty.com/tupian/forum/202004/01/103807kvjy992y07lvj2j3.jpg,magnet:?xt=urn:btih:D9131709C4834FDF06CC83E878687289EE89210D,https://www.98ddt.xyz/forum.php?mod=attachment&aid=NDY1MTAxfDc4YTA3MDIwfDE1ODczOTAzODF8MHwzMTMyMjg%3D
SSNI-105  高级私人按摩沙龙会所技术一流的巨乳女郎梦乃爱华用大奶子把肉棒夹窒息,SSNI-105,夢乃あいか,6.14GB, 2020-04-01 10:37:28,Hero168,https://www.98ddt.xyz/forum.php?mod=viewthread&tid=313226&extra=page%3D10%26filter%3Dtypeid%26typeid%3D480,https://jp.netcdn.space/digital/video/ssni00105/ssni00105pl.jpg,https://www.assdrty.com/tupian/forum/202004/01/103702jigi7gg119mm7yxo.jpg,magnet:?xt=urn:btih:CCA10823C7CE86210A8B9B745C207E5340583DD8,https://www.98ddt.xyz/forum.php?mod=attachment&aid=NDY1MDk4fGQ1YzUwMzAzfDE1ODczOTAzODN8MHwzMTMyMjY%3D
SIRO-4031  肌肤嫩得能弹水的20岁萝莉美少女各种体位被巨根贯穿不断喘息,SIRO-4031,れい 20歳 ガールズバー店員,2.6GB, 2020-04-01 10:36:13,Hero168,https://www.98ddt.xyz/forum.php?mod=viewthread&tid=313224&extra=page%3D10%26filter%3Dtypeid%26typeid%3D480,https://image.mgstage.com/images/shirouto/siro/4031/pb_e_siro-4031.jpg,https://www.assdrty.com/tupian/forum/202004/01/103543yyj04ipmi0y1djwy.jpg,magnet:?xt=urn:btih:839AF6671843F550024E4650E9FB05CA27CAEC90,https://www.98ddt.xyz/forum.php?mod=attachment&aid=NDY1MDk2fDg4N2Q5NjNlfDE1ODczOTAzODR8MHwzMTMyMjQ%3D
SDMU-963  美谷朱里颜射记录111发浓浊精液完全浇灌解禁素人男性们超浓的精液一滴不剩的射光,SDMU-963,美谷朱里,5.77GB, 2020-04-01 10:34:53,Hero168,https://www.98ddt.xyz/forum.php?mod=viewthread&tid=313221&extra=page%3D10%26filter%3Dtypeid%26typeid%3D480,https://jp.netcdn.space/digital/video/1sdmu00963/1sdmu00963pl.jpg,https://www.assdrty.com/tupian/forum/202004/01/103423qm4f3gmsg43mw3m2.jpg,magnet:?xt=urn:btih:C34F2B5C920D69D576BECA5A48EE1A3242E1E1BF,https://www.98ddt.xyz/forum.php?mod=attachment&aid=NDY1MDk1fDU2NmM5OWZhfDE1ODczOTAzODZ8MHwzMTMyMjE%3D
JUY-043  欲求不满的寂寞人妻德岛绘里被公寓保安强上后屈服于快感慢慢堕落的不伦关系堂友听版,JUY-043,徳島えり,4.94GB, 2020-04-01 10:33:35,Hero168,https://www.98ddt.xyz/forum.php?mod=viewthread&tid=313220&extra=page%3D10%26filter%3Dtypeid%26typeid%3D480,https://jp.netcdn.space/digital/video/juy00043/juy00043pl.jpg,https://www.assdrty.com/tupian/forum/202004/01/103308zo686k86cmkz6c52.jpg,magnet:?xt=urn:btih:0876619ECC7E40244ABE4FA55F2AE58A57EC84EC,https://www.98ddt.xyz/forum.php?mod=attachment&aid=NDY1MDkzfDhiMmI3NTNjfDE1ODczOTAzODd8MHwzMTMyMjA%3D
IPX-334  超高级长腿美少女枫可怜风俗店四本番主观视角体验爱心满满的服务,IPX-334,楓カレン,7.49GB, 2020-04-01 10:31:56,Hero168,https://www.98ddt.xyz/forum.php?mod=viewthread&tid=313217&extra=page%3D10%26filter%3Dtypeid%26typeid%3D480,https://jp.netcdn.space/digital/video/ipx00334/ipx00334pl.jpg,https://www.assdrty.com/tupian/forum/202004/01/103113nff4q4dsx9x54yqx.jpg,magnet:?xt=urn:btih:3BF5569E2026E098F1E8F5E9732080CC60AAF8A6,https://www.98ddt.xyz/forum.php?mod=attachment&aid=NDY1MDkxfGZlYzlhZDgxfDE1ODczOTAzODh8MHwzMTMyMTc%3D
HND-796  在爸妈住院的时候肥宅哥哥对嫌弃自己恶心的可爱妹妹永濑唯实施报复压在身下抽插把多次内射精液满出狭窄的子宫,HND-796,永瀬ゆい,4.87GB, 2020-04-01 10:30:20,Hero168,https://www.98ddt.xyz/forum.php?mod=viewthread&tid=313215&extra=page%3D10%26filter%3Dtypeid%26typeid%3D480,https://jp.netcdn.space/digital/video/hnd00796/hnd00796pl.jpg,https://www.assdrty.com/tupian/forum/202004/01/102942uxcxwvwnyuc9bxvm.jpg,magnet:?xt=urn:btih:E2C60299B47A4214D6EACDDEB9A283999AAA4780,https://www.98ddt.xyz/forum.php?mod=attachment&aid=NDY1MDg4fDBjZGYyMzYzfDE1ODczOTAzODl8MHwzMTMyMTU%3D
HND-795  长太帅也有烦恼偷情的三角关系被同社团的美女学姐美谷朱里强制内射成为炮友,HND-795,美谷朱里,4.83GB, 2020-04-01 10:28:32,Hero168,https://www.98ddt.xyz/forum.php?mod=viewthread&tid=313213&extra=page%3D10%26filter%3Dtypeid%26typeid%3D480,https://jp.netcdn.space/digital/video/hnd00795/hnd00795pl.jpg,https://www.assdrty.com/tupian/forum/202004/01/102758euqev9ybh2u9ehu4.jpg,magnet:?xt=urn:btih:D2B2B06621BB758E778E677EDDA142119E97F115,https://www.98ddt.xyz/forum.php?mod=attachment&aid=NDY1MDg2fDM3YzJjNGUwfDE1ODczOTAzOTF8MHwzMTMyMTM%3D
HND-794  绝美禁欲女知花凛遇上绝伦男优完全暴露出痴女本能疯狂要求射到里面3本番,HND-794,知花凛,6.09GB, 2020-04-01 10:27:07,Hero168,https://www.98ddt.xyz/forum.php?mod=viewthread&tid=313212&extra=page%3D10%26filter%3Dtypeid%26typeid%3D480,https://jp.netcdn.space/digital/video/hnd00794/hnd00794pl.jpg,https://www.assdrty.com/tupian/forum/202004/01/102626l5nzxnlf5h755p0x.jpg,magnet:?xt=urn:btih:FA8998F74D86401BAA3552817ACC4469267D6B35,https://www.98ddt.xyz/forum.php?mod=attachment&aid=NDY1MDg0fGE2ZWMxYTRkfDE1ODczOTAzOTJ8MHwzMTMyMTI%3D
CLUB-609  公寓管理员不仅需要清洁地面还得清洁寂寞人妻的子宫用大肉棒插进去使劲清扫,CLUB-609,未知,7.32GB, 2020-04-01 10:25:32,Hero168,https://www.98ddt.xyz/forum.php?mod=viewthread&tid=313211&extra=page%3D10%26filter%3Dtypeid%26typeid%3D480,https://jp.netcdn.space/digital/video/club00609/club00609pl.jpg,https://www.assdrty.com/tupian/forum/202004/01/102510l78fttzxtdsfsews.jpg,magnet:?xt=urn:btih:780992983EE6164DF499ADB56F8DE1830E3F4299,https://www.98ddt.xyz/forum.php?mod=attachment&aid=NDY1MDgxfDFhM2NkZGZifDE1ODczOTAzOTN8MHwzMTMyMTE%3D
261ARA-429  性欲旺盛的肉食系小恶魔女孩河南实里因为家里开肉店的原因也变得特别喜欢肉棒,261ARA-429,みのり 22歳 精肉店,3.22GB, 2020-04-01 10:23:44,Hero168,https://www.98ddt.xyz/forum.php?mod=viewthread&tid=313210&extra=page%3D10%26filter%3Dtypeid%26typeid%3D480,https://image.mgstage.com/images/ara/261ara/429/pb_e_261ara-429.jpg,https://www.assdrty.com/tupian/forum/202004/01/102313yngo2bgdsksd6ksb.jpg,magnet:?xt=urn:btih:634CF21BE10FC2265B3854ECCD541FE2F1EFE222,https://www.98ddt.xyz/forum.php?mod=attachment&aid=NDY1MDc3fGM1NzExYjIzfDE1ODczOTAzOTV8MHwzMTMyMTA%3D
MIFD-108   初次来东京的19岁可爱美少女好不容易下定的决心AV出道作,MIFD-108,丘えりな,6.04GB, 2020-03-31 10:17:26,Hero168,https://www.98ddt.xyz/forum.php?mod=viewthread&tid=312151&extra=page%3D10%26filter%3Dtypeid%26typeid%3D480,https://jp.netcdn.space/digital/video/mifd00108/mifd00108pl.jpg,https://www.assdrty.com/tupian/forum/202003/31/101656m5q35qqdwe65nw4q.jpg,magnet:?xt=urn:btih:47DF829DC57D48FBE04B17C66D9D66A6B92CD806,https://www.98ddt.xyz/forum.php?mod=attachment&aid=NDYyOTAyfGQ0ZmRkMDNhfDE1ODczOTAzOTZ8MHwzMTIxNTE%3D
MIDE-753  拥有粉红嫩穴的可爱短发女优白坂有以自出道以来最爽的一次快感爆发疯狂潮吹,MIDE-753,白坂有以,6.1GB, 2020-03-31 10:16:12,Hero168,https://www.98ddt.xyz/forum.php?mod=viewthread&tid=312150&extra=page%3D10%26filter%3Dtypeid%26typeid%3D480,https://jp.netcdn.space/digital/video/mide00753/mide00753pl.jpg,https://www.assdrty.com/tupian/forum/202003/31/101536ci0n0eerxir1j7ux.jpg,magnet:?xt=urn:btih:41314942E4DD816DEF96DF4C7B09DCE837042557,https://www.98ddt.xyz/forum.php?mod=attachment&aid=NDYyOTAwfDU2N2RmZjY1fDE1ODczOTAzOTd8MHwzMTIxNTA%3D
WANZ-950  看到女友的背朝着我的大屁股忍不住直接脱了裤子插进去没想到插入后才知道居然是她的巨乳姐姐佐山爱,WANZ-950,佐山愛,4.98GB, 2020-03-31 10:14:33,Hero168,https://www.98ddt.xyz/forum.php?mod=viewthread&tid=312149&extra=page%3D10%26filter%3Dtypeid%26typeid%3D480,https://jp.netcdn.space/digital/video/wanz00950/wanz00950pl.jpg,https://www.assdrty.com/tupian/forum/202003/31/101359k9bgqiblbagqql4a.jpg,magnet:?xt=urn:btih:82DA09FEA17F4E1CACB9D2473E8F06EDCC908853,https://www.98ddt.xyz/forum.php?mod=attachment&aid=NDYyODk3fGYwYzk0NWRmfDE1ODczOTAzOTl8MHwzMTIxNDk%3D
WANZ-949  交了男友的青梅竹马嘲笑我是处男忍无可忍的我直接无套插入她内射后不拔出追击抽插中出,WANZ-949,久留木玲,4.96GB, 2020-03-31 10:13:11,Hero168,https://www.98ddt.xyz/forum.php?mod=viewthread&tid=312147&extra=page%3D10%26filter%3Dtypeid%26typeid%3D480,https://jp.netcdn.space/digital/video/wanz00949/wanz00949pl.jpg,https://www.assdrty.com/tupian/forum/202003/31/101237gotvq0d9xqfgrzm1.jpg,magnet:?xt=urn:btih:E76BCA2B27B0939197EE31A4356B9BC1D21ED57D,https://www.98ddt.xyz/forum.php?mod=attachment&aid=NDYyODk1fGE4YmI4MGI2fDE1ODczOTA0MDB8MHwzMTIxNDc%3D
